<?xml version='1.0' standalone='yes'?>
<componentData>
  <component>
    <componentBaseName>gcc_runtime</componentBaseName>
    <componentFileName>gcc_runtime_glnxa64_1517894290.enc</componentFileName>
    <componentName>gcc_runtime_glnxa64</componentName>
    <componentVersion>1517894290</componentVersion>
    <instrset>0</instrset>
    <locale></locale>
    <locationId>1</locationId>
    <numFiles>8</numFiles>
    <platformList>
      <platform>glnxa64</platform>
    </platformList>
    <releaseFamily>R2018a</releaseFamily>
    <size>5087181</size>
    <type></type>
    <uncompressedBytes>19051093</uncompressedBytes>
  </component>
</componentData>
