<?xml version='1.0' standalone='yes'?>
<componentData>
  <component>
    <componentBaseName>license_manager</componentBaseName>
    <componentFileName>license_manager_glnxa64_1517896661.enc</componentFileName>
    <componentName>license_manager_glnxa64</componentName>
    <componentVersion>1517896661</componentVersion>
    <instrset>0</instrset>
    <locale></locale>
    <locationId>1</locationId>
    <numFiles>26</numFiles>
    <platformList>
      <platform>glnxa64</platform>
    </platformList>
    <releaseFamily>R2018a</releaseFamily>
    <size>4654387</size>
    <type></type>
    <uncompressedBytes>13737750</uncompressedBytes>
  </component>
</componentData>
