<?xml version='1.0' standalone='yes'?>
<contents>
  <componentFiles>license_manager_glnxa64_1517896661.enc</componentFiles>
  <componentFiles>bin_utils_glnxa64_1517894328.enc</componentFiles>
  <componentFiles>gcc_runtime_glnxa64_1517894290.enc</componentFiles>
  <componentFiles>3p/flexnet_glnxa64_1517894269.enc</componentFiles>
  <definitions>license_manager_glnxa64_1517896661.xml</definitions>
  <definitions>bin_utils_glnxa64_1517894328.xml</definitions>
  <definitions>gcc_runtime_glnxa64_1517894290.xml</definitions>
  <definitions>3p/flexnet_glnxa64_1517894269.xml</definitions>
  <definitions>productdata_License_Manager111412_glnxa64.xml</definitions>
</contents>
