<?xml version='1.0' standalone='yes'?>
<productAdditionalComps>
  <dependsOn>
    <component>
      <name>license_manager_glnxa64</name>
      <instrset>0</instrset>
      <locale></locale>
      <platformList>
        <platform>glnxa64</platform>
      </platformList>
      <version>1517896661</version>
    </component>
    <component>
      <name>bin_utils_glnxa64</name>
      <instrset>0</instrset>
      <locale></locale>
      <platformList>
        <platform>glnxa64</platform>
      </platformList>
      <version>1517894328</version>
    </component>
    <component>
      <name>gcc_runtime_glnxa64</name>
      <instrset>0</instrset>
      <locale></locale>
      <platformList>
        <platform>glnxa64</platform>
      </platformList>
      <version>1517894290</version>
    </component>
    <component>
      <name>3p/flexnet_glnxa64</name>
      <instrset>0</instrset>
      <locale></locale>
      <platformList>
        <platform>glnxa64</platform>
      </platformList>
      <version>1517894269</version>
    </component>
  </dependsOn>
  <isControllingProduct>false</isControllingProduct>
  <licenseAgreementType></licenseAgreementType>
  <platform>glnxa64</platform>
  <productBaseCode></productBaseCode>
  <productName>License Manager</productName>
  <productNumber>0</productNumber>
  <productVersion>11.14.1.2</productVersion>
  <releaseDescription>R2018a</releaseDescription>
  <releaseFamily>R2018a</releaseFamily>
</productAdditionalComps>
