<?xml version='1.0' standalone='yes'?>
<componentData>
  <component>
    <componentBaseName>3p/flexnet</componentBaseName>
    <componentFileName>3p/flexnet_glnxa64_1517894269.enc</componentFileName>
    <componentName>3p/flexnet_glnxa64</componentName>
    <componentVersion>1517894269</componentVersion>
    <instrset>0</instrset>
    <locale></locale>
    <locationId>1</locationId>
    <numFiles>3</numFiles>
    <platformList>
      <platform>glnxa64</platform>
    </platformList>
    <releaseFamily>R2018a</releaseFamily>
    <size>1542365</size>
    <type></type>
    <uncompressedBytes>4531936</uncompressedBytes>
  </component>
</componentData>
